﻿<?xml version="1.0" encoding="UTF-8"?>
<item>
  <version>1.0.0.3</version>
  <url>https://raw.githubusercontent.com/D-Chandelier/KGD_Updates/main/DWG_Viewer/Latest/DWG_Viewer.zip</url>
  <changelog>
    <![CDATA[
# 🧾 Notes de version — DWG Viewer

---

## 🚀 v1.0.0.3 — 25/10/2025
### Améliorations mineurs 
- ✅ Mise en page de la fenêtre **Update**
- ✅ Mise aux normes du Github **KGD_Updates** pour respecter les recommandations de Github.
- ✅ Fenêtre "Aide/A Propos" adaptée pour refléter le Github.
- ✅ Intégration complète avec le nouveau système de mise à jour automatique.  

---

## 🧪 v1.0.0.2 — 24/10/2025
### Objectif
Version de test destinée à **valider le bon fonctionnement du système de mise à jour automatique (AutoUpdater.NET)** avant déploiement officiel.

- 🧰 Stabilisation du moteur de rendu DXF.  
- ✅ Vérification du bon fonctionnement du téléchargement et de l’application des mises à jour.  
- 🔍 Ajustements mineurs dans les logs et le suivi des versions.

---

## 🧱 v1.0.0.1 — 23/10/2025
### Refonte complète
L’application **DWG_Viewer** repart sur une **nouvelle base de versionnement** (v1.x) pour une meilleure gestion des mises à jour.

### Changements notables :
- 💾 Nouvelle structure interne pour une meilleure stabilité.  
- 📚 Amélioration du chargement des fichiers DXF volumineux.  
- 🧩 Optimisation de la lecture et de l’affichage des entités (Line, Text, MText…).  
- 🪶 Interface “À propos” et messages d’erreur mis à jour.  
- ⚙️ Intégration complète avec le fichier de configuration JSON (AppSettings).  
- 🌙 Préparation du support thème clair / sombre.  
- 🔔 Ajout du système de mise à jour automatique via **AutoUpdater.NET**.

---

## 📌 Historique
Chaque version publiée est packagée et disponible via le fichier `DWG_Viewer.xml` utilisé par l’application.  
Les fichiers de mise à jour sont hébergés dans ce dépôt public.

🔗 **Dernier package** : [DWG_Viewer.zip](https://github.com/D-Chandelier/KGD_Updates/blob/main/DWG_Viewer/Latest/DWG_Viewer.zip)

---

> 🛠️ *DWG Viewer continue d’évoluer : nouvelles optimisations, meilleure compatibilité avec les formats DXF/DWG et intégration continue des retours utilisateurs.*
    ]]></changelog>
  <mandatory>false</mandatory>
  <launchArgs>/update</launchArgs>
</item>
